docs/directorymanager/11.0/index.md,docs/directorymanager/11.0/index.md
docs/directorymanager/11.0/directorymanager/introduction.md,docs/directorymanager/11.0/getting-started/introduction.md
docs/directorymanager/11.0/directorymanager/gettingstarted.md,docs/directorymanager/11.0/getting-started/index.md
docs/directorymanager/11.0/directorymanager/whatsnew.md,docs/directorymanager/11.0/getting-started/whats-new.md
docs/directorymanager/11.0/directorymanager/install/about.md,docs/directorymanager/11.0/getting-started/overview.md
docs/directorymanager/11.0/directorymanager/install/requirements.md,docs/directorymanager/11.0/installation/requirements/index.md
docs/directorymanager/11.0/directorymanager/install/hardware.md,docs/directorymanager/11.0/installation/requirements/hardware-requirements.md
docs/directorymanager/11.0/directorymanager/install/windowsserver.md,docs/directorymanager/11.0/installation/requirements/software-requirements.md
docs/directorymanager/11.0/directorymanager/install/database.md,docs/directorymanager/11.0/installation/requirements/database-requirements.md
docs/directorymanager/11.0/directorymanager/install/exchange_servers.md,docs/directorymanager/11.0/installation/requirements/exchange-server-requirements.md
docs/directorymanager/11.0/directorymanager/install/installer/preparationtool.md,docs/directorymanager/11.0/installation/preparation/preparation-tool.md
docs/directorymanager/11.0/directorymanager/install/installer/whatprepinstall.md,docs/directorymanager/11.0/installation/preparation/what-prep-installs.md
docs/directorymanager/11.0/directorymanager/install/installer/install.md,docs/directorymanager/11.0/installation/installation-process/installer-guide.md
docs/directorymanager/11.0/directorymanager/install/installer/installer.md,docs/directorymanager/11.0/installation/installation-process/index.md
docs/directorymanager/11.0/directorymanager/install/configure/configure.md,docs/directorymanager/11.0/installation/configuration/index.md
docs/directorymanager/11.0/directorymanager/install/configure/overview.md,docs/directorymanager/11.0/installation/configuration/index.md
docs/directorymanager/11.0/directorymanager/install/configure/database.md,docs/directorymanager/11.0/installation/configuration/database-configuration.md
docs/directorymanager/11.0/directorymanager/install/configure/gidserver.md,docs/directorymanager/11.0/installation/configuration/gid-server-configuration.md
docs/directorymanager/11.0/directorymanager/install/upgrade/overview.md,docs/directorymanager/11.0/installation/upgrade/index.md
docs/directorymanager/11.0/directorymanager/install/upgrade/upgrade.md,docs/directorymanager/11.0/installation/upgrade/upgrade-guide.md
docs/directorymanager/11.0/directorymanager/install/upgrade/notes.md,docs/directorymanager/11.0/installation/upgrade/upgrade-notes.md
docs/directorymanager/11.0/directorymanager/install/backuprestore.md,docs/directorymanager/11.0/installation/backup-restore.md
docs/directorymanager/11.0/directorymanager/install/uninstall.md,docs/directorymanager/11.0/installation/uninstall.md
docs/directorymanager/11.0/directorymanager/admincenter/signin.md,docs/directorymanager/11.0/configuration/admin-center/getting-started/sign-in.md
docs/directorymanager/11.0/directorymanager/admincenter/authenticate.md,docs/directorymanager/11.0/configuration/admin-center/getting-started/authentication.md
docs/directorymanager/11.0/directorymanager/admincenter/enroll.md,docs/directorymanager/11.0/configuration/admin-center/getting-started/enrollment.md
docs/directorymanager/11.0/directorymanager/admincenter/general/navigation.md,docs/directorymanager/11.0/configuration/admin-center/getting-started/navigation.md
docs/directorymanager/11.0/directorymanager/admincenter/general/dashboard.md,docs/directorymanager/11.0/configuration/admin-center/getting-started/dashboard.md
docs/directorymanager/11.0/directorymanager/admincenter/general/concepts.md,docs/directorymanager/11.0/configuration/admin-center/getting-started/index.md
docs/directorymanager/11.0/directorymanager/admincenter/general/accessapplications.md,docs/directorymanager/11.0/configuration/admin-center/general/access-applications.md
docs/directorymanager/11.0/directorymanager/admincenter/general/changepassword.md,docs/directorymanager/11.0/configuration/admin-center/general/change-password.md
docs/directorymanager/11.0/directorymanager/admincenter/general/globalpool.md,docs/directorymanager/11.0/configuration/admin-center/general/global-pool.md
docs/directorymanager/11.0/directorymanager/admincenter/general/history.md,docs/directorymanager/11.0/configuration/admin-center/general/history.md
docs/directorymanager/11.0/directorymanager/admincenter/general/licensing.md,docs/directorymanager/11.0/configuration/admin-center/general/licensing.md
docs/directorymanager/11.0/directorymanager/admincenter/general/logs.md,docs/directorymanager/11.0/configuration/admin-center/general/logs.md
docs/directorymanager/11.0/directorymanager/admincenter/general/switchaccount.md,docs/directorymanager/11.0/configuration/admin-center/general/switch-account.md
docs/directorymanager/11.0/directorymanager/admincenter/history.md,docs/directorymanager/11.0/configuration/admin-center/history.md
docs/directorymanager/11.0/directorymanager/admincenter/datasource/overview.md,docs/directorymanager/11.0/configuration/admin-center/data-sources/index.md
docs/directorymanager/11.0/directorymanager/admincenter/datasource/create.md,docs/directorymanager/11.0/configuration/admin-center/data-sources/create-data-source.md
docs/directorymanager/11.0/directorymanager/admincenter/datasource/manage.md,docs/directorymanager/11.0/configuration/admin-center/data-sources/manage-data-sources.md
docs/directorymanager/11.0/directorymanager/admincenter/entitlement/overview.md,docs/directorymanager/11.0/configuration/admin-center/entitlements/index.md
docs/directorymanager/11.0/directorymanager/admincenter/entitlement/ad/manage.md,docs/directorymanager/11.0/configuration/admin-center/entitlements/active-directory/manage-entitlements.md
docs/directorymanager/11.0/directorymanager/admincenter/entitlement/entraid/manage.md,docs/directorymanager/11.0/configuration/admin-center/entitlements/entra-id/manage-entitlements.md
docs/directorymanager/11.0/directorymanager/admincenter/identitystore/overview.md,docs/directorymanager/11.0/configuration/admin-center/identity-stores/index.md
docs/directorymanager/11.0/directorymanager/admincenter/identitystore/create.md,docs/directorymanager/11.0/configuration/admin-center/identity-stores/create-identity-store.md
docs/directorymanager/11.0/directorymanager/admincenter/identitystore/configure.md,docs/directorymanager/11.0/configuration/admin-center/identity-stores/configure-identity-store.md
docs/directorymanager/11.0/directorymanager/admincenter/identitystore/manage.md,docs/directorymanager/11.0/configuration/admin-center/identity-stores/manage-identity-store.md
docs/directorymanager/11.0/directorymanager/admincenter/identitystore/replication.md,docs/directorymanager/11.0/configuration/admin-center/identity-stores/replication.md
docs/directorymanager/11.0/directorymanager/admincenter/identitystore/link/overview.md,docs/directorymanager/11.0/configuration/admin-center/identity-stores/linking/index.md
docs/directorymanager/11.0/directorymanager/admincenter/identitystore/link/manage.md,docs/directorymanager/11.0/configuration/admin-center/identity-stores/linking/manage-links.md
docs/directorymanager/11.0/directorymanager/admincenter/identitystore/configure/authpolicy.md,docs/directorymanager/11.0/configuration/admin-center/identity-stores/configuration/authentication-policies.md
docs/directorymanager/11.0/directorymanager/admincenter/identitystore/configure/authtypes.md,docs/directorymanager/11.0/configuration/admin-center/identity-stores/configuration/authentication-types.md
docs/directorymanager/11.0/directorymanager/admincenter/identitystore/configure/smtpserver.md,docs/directorymanager/11.0/configuration/admin-center/identity-stores/configuration/smtp-server.md
docs/directorymanager/11.0/directorymanager/admincenter/identitystore/configure/directoryservice/circularreference.md,docs/directorymanager/11.0/configuration/admin-center/identity-stores/configuration/directory-service/circular-reference.md
docs/directorymanager/11.0/directorymanager/admincenter/identitystore/configure/directoryservice/dynastysettings.md,docs/directorymanager/11.0/configuration/admin-center/identity-stores/configuration/directory-service/dynasty-settings.md
docs/directorymanager/11.0/directorymanager/admincenter/identitystore/configure/directoryservice/groupexpirydeletion.md,docs/directorymanager/11.0/configuration/admin-center/identity-stores/configuration/directory-service/group-expiry-deletion.md
docs/directorymanager/11.0/directorymanager/admincenter/identitystore/configure/directoryservice/grouplifecycle.md,docs/directorymanager/11.0/configuration/admin-center/identity-stores/configuration/directory-service/group-lifecycle.md
docs/directorymanager/11.0/directorymanager/admincenter/identitystore/configure/directoryservice/historytracking.md,docs/directorymanager/11.0/configuration/admin-center/identity-stores/configuration/directory-service/history-tracking.md
docs/directorymanager/11.0/directorymanager/admincenter/identitystore/configure/directoryservice/membershiplifecycle.md,docs/directorymanager/11.0/configuration/admin-center/identity-stores/configuration/directory-service/membership-lifecycle.md
docs/directorymanager/11.0/directorymanager/admincenter/identitystore/configure/directoryservice/messagingprovider.md,docs/directorymanager/11.0/configuration/admin-center/identity-stores/configuration/directory-service/messaging-provider.md
docs/directorymanager/11.0/directorymanager/admincenter/identitystore/configure/directoryservice/outofbounds.md,docs/directorymanager/11.0/configuration/admin-center/identity-stores/configuration/directory-service/out-of-bounds.md
docs/directorymanager/11.0/directorymanager/admincenter/identitystore/configure/directoryservice/prefixes.md,docs/directorymanager/11.0/configuration/admin-center/identity-stores/configuration/directory-service/prefixes.md
docs/directorymanager/11.0/directorymanager/admincenter/identitystore/configure/directoryservice/profilevalidation.md,docs/directorymanager/11.0/configuration/admin-center/identity-stores/configuration/directory-service/profile-validation.md
docs/directorymanager/11.0/directorymanager/admincenter/identitystore/configure/security/passwordoptions.md,docs/directorymanager/11.0/configuration/admin-center/identity-stores/configuration/security/password-options.md
docs/directorymanager/11.0/directorymanager/admincenter/identitystore/configure/security/secondwayauthentication.md,docs/directorymanager/11.0/configuration/admin-center/identity-stores/configuration/security/second-way-authentication.md
docs/directorymanager/11.0/directorymanager/admincenter/identitystore/configure/security/securityquestions.md,docs/directorymanager/11.0/configuration/admin-center/identity-stores/configuration/security/security-questions.md
docs/directorymanager/11.0/directorymanager/admincenter/identitystore/configure/security/smsauthentication.md,docs/directorymanager/11.0/configuration/admin-center/identity-stores/configuration/security/sms-authentication.md
docs/directorymanager/11.0/directorymanager/admincenter/identitystore/history/details.md,docs/directorymanager/11.0/configuration/admin-center/identity-stores/history/history-details.md
docs/directorymanager/11.0/directorymanager/admincenter/identitystore/history/eventlogging.md,docs/directorymanager/11.0/configuration/admin-center/identity-stores/history/event-logging.md
docs/directorymanager/11.0/directorymanager/admincenter/identitystore/history/view.md,docs/directorymanager/11.0/configuration/admin-center/identity-stores/history/view-history.md
docs/directorymanager/11.0/directorymanager/admincenter/identitystore/moreinfo/overview.md,docs/directorymanager/11.0/configuration/admin-center/identity-stores/advanced/index.md
docs/directorymanager/11.0/directorymanager/admincenter/identitystore/moreinfo/adserviceaccount.md,docs/directorymanager/11.0/configuration/admin-center/identity-stores/advanced/ad-service-account.md
docs/directorymanager/11.0/directorymanager/admincenter/identitystore/moreinfo/advsentraid.md,docs/directorymanager/11.0/configuration/admin-center/identity-stores/advanced/advanced-entra-id.md
docs/directorymanager/11.0/directorymanager/admincenter/identitystore/moreinfo/gmsarequirements.md,docs/directorymanager/11.0/configuration/admin-center/identity-stores/advanced/gmsa-requirements.md
docs/directorymanager/11.0/directorymanager/admincenter/securityrole/overview.md,docs/directorymanager/11.0/configuration/admin-center/security-roles/index.md
docs/directorymanager/11.0/directorymanager/admincenter/securityrole/create.md,docs/directorymanager/11.0/configuration/admin-center/security-roles/create-security-role.md
docs/directorymanager/11.0/directorymanager/admincenter/securityrole/manage.md,docs/directorymanager/11.0/configuration/admin-center/security-roles/manage-security-roles.md
docs/directorymanager/11.0/directorymanager/admincenter/securityrole/checkrole.md,docs/directorymanager/11.0/configuration/admin-center/security-roles/check-role.md
docs/directorymanager/11.0/directorymanager/admincenter/securityrole/criteria.md,docs/directorymanager/11.0/configuration/admin-center/security-roles/criteria.md
docs/directorymanager/11.0/directorymanager/admincenter/securityrole/permissions.md,docs/directorymanager/11.0/configuration/admin-center/security-roles/permissions.md
docs/directorymanager/11.0/directorymanager/admincenter/securityrole/policy/overview.md,docs/directorymanager/11.0/configuration/admin-center/security-roles/policies/index.md
docs/directorymanager/11.0/directorymanager/admincenter/securityrole/policy/authentication.md,docs/directorymanager/11.0/configuration/admin-center/security-roles/policies/authentication-policy.md
docs/directorymanager/11.0/directorymanager/admincenter/securityrole/policy/groupowners.md,docs/directorymanager/11.0/configuration/admin-center/security-roles/policies/group-owners-policy.md
docs/directorymanager/11.0/directorymanager/admincenter/securityrole/policy/helpdesk.md,docs/directorymanager/11.0/configuration/admin-center/security-roles/policies/helpdesk-policy.md
docs/directorymanager/11.0/directorymanager/admincenter/securityrole/policy/newobject.md,docs/directorymanager/11.0/configuration/admin-center/security-roles/policies/new-object-policy.md
docs/directorymanager/11.0/directorymanager/admincenter/securityrole/policy/password.md,docs/directorymanager/11.0/configuration/admin-center/security-roles/policies/password-policy.md
docs/directorymanager/11.0/directorymanager/admincenter/securityrole/policy/querydesigner.md,docs/directorymanager/11.0/configuration/admin-center/security-roles/policies/query-designer-policy.md
docs/directorymanager/11.0/directorymanager/admincenter/securityrole/policy/search.md,docs/directorymanager/11.0/configuration/admin-center/security-roles/policies/search-policy.md
docs/directorymanager/11.0/directorymanager/admincenter/securityrole/policy/synchronize.md,docs/directorymanager/11.0/configuration/admin-center/security-roles/policies/synchronize-policy.md
docs/directorymanager/11.0/directorymanager/admincenter/schedule/overview.md,docs/directorymanager/11.0/configuration/admin-center/scheduling/index.md
docs/directorymanager/11.0/directorymanager/admincenter/schedule/manage.md,docs/directorymanager/11.0/configuration/admin-center/scheduling/manage-schedules.md
docs/directorymanager/11.0/directorymanager/admincenter/schedule/entitlement.md,docs/directorymanager/11.0/configuration/admin-center/scheduling/entitlement-scheduling.md
docs/directorymanager/11.0/directorymanager/admincenter/schedule/entitlementscope.md,docs/directorymanager/11.0/configuration/admin-center/scheduling/entitlement-scope.md
docs/directorymanager/11.0/directorymanager/admincenter/schedule/entitlementtemporarypermissions.md,docs/directorymanager/11.0/configuration/admin-center/scheduling/entitlement-temporary-permissions.md
docs/directorymanager/11.0/directorymanager/admincenter/schedule/grouplifecycle.md,docs/directorymanager/11.0/configuration/admin-center/scheduling/group-lifecycle-scheduling.md
docs/directorymanager/11.0/directorymanager/admincenter/schedule/groupusageservice.md,docs/directorymanager/11.0/configuration/admin-center/scheduling/group-usage-service.md
docs/directorymanager/11.0/directorymanager/admincenter/schedule/historyretention.md,docs/directorymanager/11.0/configuration/admin-center/scheduling/history-retention.md
docs/directorymanager/11.0/directorymanager/admincenter/schedule/managedbylifecycle.md,docs/directorymanager/11.0/configuration/admin-center/scheduling/managed-by-lifecycle.md
docs/directorymanager/11.0/directorymanager/admincenter/schedule/membershiplifecycle.md,docs/directorymanager/11.0/configuration/admin-center/scheduling/membership-lifecycle.md
docs/directorymanager/11.0/directorymanager/admincenter/schedule/orphangroupupdate.md,docs/directorymanager/11.0/configuration/admin-center/scheduling/orphan-group-update.md
docs/directorymanager/11.0/directorymanager/admincenter/schedule/reports.md,docs/directorymanager/11.0/configuration/admin-center/scheduling/reports.md
docs/directorymanager/11.0/directorymanager/admincenter/schedule/schemareplication.md,docs/directorymanager/11.0/configuration/admin-center/scheduling/schema-replication.md
docs/directorymanager/11.0/directorymanager/admincenter/schedule/smartgroupupdate.md,docs/directorymanager/11.0/configuration/admin-center/scheduling/smart-group-update.md
docs/directorymanager/11.0/directorymanager/admincenter/schedule/synchronize.md,docs/directorymanager/11.0/configuration/admin-center/scheduling/synchronize.md
docs/directorymanager/11.0/directorymanager/admincenter/schedule/userlifecycle.md,docs/directorymanager/11.0/configuration/admin-center/scheduling/user-lifecycle.md
docs/directorymanager/11.0/directorymanager/admincenter/schedule/workflowacceleration.md,docs/directorymanager/11.0/configuration/admin-center/scheduling/workflow-acceleration.md
docs/directorymanager/11.0/directorymanager/admincenter/service/overview.md,docs/directorymanager/11.0/configuration/admin-center/services/index.md
docs/directorymanager/11.0/directorymanager/admincenter/service/admincenter.md,docs/directorymanager/11.0/configuration/admin-center/services/admin-center-service.md
docs/directorymanager/11.0/directorymanager/admincenter/service/emailservice.md,docs/directorymanager/11.0/configuration/admin-center/services/email-service.md
docs/directorymanager/11.0/directorymanager/admincenter/service/replicationservice.md,docs/directorymanager/11.0/configuration/admin-center/services/replication-service.md
docs/directorymanager/11.0/directorymanager/admincenter/service/schedulerservice.md,docs/directorymanager/11.0/configuration/admin-center/services/scheduler-service.md
docs/directorymanager/11.0/directorymanager/admincenter/service/dataservice/overview.md,docs/directorymanager/11.0/configuration/admin-center/services/data-service/index.md
docs/directorymanager/11.0/directorymanager/admincenter/service/dataservice/create.md,docs/directorymanager/11.0/configuration/admin-center/services/data-service/create-data-service.md
docs/directorymanager/11.0/directorymanager/admincenter/service/dataservice/manage.md,docs/directorymanager/11.0/configuration/admin-center/services/data-service/manage-data-service.md
docs/directorymanager/11.0/directorymanager/admincenter/service/securityservice/overview.md,docs/directorymanager/11.0/configuration/admin-center/services/security-service/index.md
docs/directorymanager/11.0/directorymanager/admincenter/service/securityservice/create.md,docs/directorymanager/11.0/configuration/admin-center/services/security-service/create-security-service.md
docs/directorymanager/11.0/directorymanager/admincenter/service/securityservice/manage.md,docs/directorymanager/11.0/configuration/admin-center/services/security-service/manage-security-service.md
docs/directorymanager/11.0/directorymanager/admincenter/portal/overview.md,docs/directorymanager/11.0/configuration/admin-center/portals/index.md
docs/directorymanager/11.0/directorymanager/admincenter/portal/create.md,docs/directorymanager/11.0/configuration/admin-center/portals/create-portal.md
docs/directorymanager/11.0/directorymanager/admincenter/portal/delete.md,docs/directorymanager/11.0/configuration/admin-center/portals/delete-portal.md
docs/directorymanager/11.0/directorymanager/admincenter/portal/applications.md,docs/directorymanager/11.0/configuration/admin-center/portals/applications.md
docs/directorymanager/11.0/directorymanager/admincenter/portal/dockerprerequisites.md,docs/directorymanager/11.0/configuration/admin-center/portals/prerequisites/docker-prerequisites.md
docs/directorymanager/11.0/directorymanager/admincenter/portal/remoteiisprerequisites.md,docs/directorymanager/11.0/configuration/admin-center/portals/prerequisites/remote-iis-prerequisites.md
docs/directorymanager/11.0/directorymanager/admincenter/portal/design/badwords.md,docs/directorymanager/11.0/configuration/admin-center/portals/design/bad-words.md
docs/directorymanager/11.0/directorymanager/admincenter/portal/design/createobject.md,docs/directorymanager/11.0/configuration/admin-center/portals/design/create-object.md
docs/directorymanager/11.0/directorymanager/admincenter/portal/design/importexport.md,docs/directorymanager/11.0/configuration/admin-center/portals/design/import-export.md
docs/directorymanager/11.0/directorymanager/admincenter/portal/design/navigationbar.md,docs/directorymanager/11.0/configuration/admin-center/portals/design/navigation-bar.md
docs/directorymanager/11.0/directorymanager/admincenter/portal/design/objectcard.md,docs/directorymanager/11.0/configuration/admin-center/portals/design/object-card.md
docs/directorymanager/11.0/directorymanager/admincenter/portal/design/objectlist.md,docs/directorymanager/11.0/configuration/admin-center/portals/design/object-list.md
docs/directorymanager/11.0/directorymanager/admincenter/portal/design/objectproperties.md,docs/directorymanager/11.0/configuration/admin-center/portals/design/object-properties.md
docs/directorymanager/11.0/directorymanager/admincenter/portal/design/organizationalhierarchy.md,docs/directorymanager/11.0/configuration/admin-center/portals/design/organizational-hierarchy.md
docs/directorymanager/11.0/directorymanager/admincenter/portal/design/propertyvalidation.md,docs/directorymanager/11.0/configuration/admin-center/portals/design/property-validation.md
docs/directorymanager/11.0/directorymanager/admincenter/portal/design/queryattributes.md,docs/directorymanager/11.0/configuration/admin-center/portals/design/query-attributes.md
docs/directorymanager/11.0/directorymanager/admincenter/portal/design/sendasonbehalf.md,docs/directorymanager/11.0/configuration/admin-center/portals/design/send-as-on-behalf.md
docs/directorymanager/11.0/directorymanager/admincenter/portal/design/toolbars.md,docs/directorymanager/11.0/configuration/admin-center/portals/design/toolbars.md
docs/directorymanager/11.0/directorymanager/admincenter/portal/design/form/quicksearch.md,docs/directorymanager/11.0/configuration/admin-center/portals/design/forms/quick-search.md
docs/directorymanager/11.0/directorymanager/admincenter/portal/design/form/searchforms.md,docs/directorymanager/11.0/configuration/admin-center/portals/design/forms/search-forms.md
docs/directorymanager/11.0/directorymanager/admincenter/portal/design/form/searchresults.md,docs/directorymanager/11.0/configuration/admin-center/portals/design/forms/search-results.md
docs/directorymanager/11.0/directorymanager/admincenter/portal/displaytype/overview.md,docs/directorymanager/11.0/configuration/admin-center/portals/display-types/index.md
docs/directorymanager/11.0/directorymanager/admincenter/portal/displaytype/categories.md,docs/directorymanager/11.0/configuration/admin-center/portals/display-types/categories.md
docs/directorymanager/11.0/directorymanager/admincenter/portal/displaytype/custom.md,docs/directorymanager/11.0/configuration/admin-center/portals/display-types/custom.md
docs/directorymanager/11.0/directorymanager/admincenter/portal/displaytype/dropdownlist.md,docs/directorymanager/11.0/configuration/admin-center/portals/display-types/dropdown-list.md
docs/directorymanager/11.0/directorymanager/admincenter/portal/displaytype/grid.md,docs/directorymanager/11.0/configuration/admin-center/portals/display-types/grid.md
docs/directorymanager/11.0/directorymanager/admincenter/portal/displaytype/image.md,docs/directorymanager/11.0/configuration/admin-center/portals/display-types/image.md
docs/directorymanager/11.0/directorymanager/admincenter/portal/displaytype/linkeddropdown.md,docs/directorymanager/11.0/configuration/admin-center/portals/display-types/linked-dropdown.md
docs/directorymanager/11.0/directorymanager/admincenter/portal/displaytype/multilinetextbox.md,docs/directorymanager/11.0/configuration/admin-center/portals/display-types/multiline-textbox.md
docs/directorymanager/11.0/directorymanager/admincenter/portal/displaytype/radio.md,docs/directorymanager/11.0/configuration/admin-center/portals/display-types/radio.md
docs/directorymanager/11.0/directorymanager/admincenter/portal/displaytype/textbox.md,docs/directorymanager/11.0/configuration/admin-center/portals/display-types/textbox.md
docs/directorymanager/11.0/directorymanager/admincenter/portal/linkedcombo/overview.md,docs/directorymanager/11.0/configuration/admin-center/portals/linked-combo/index.md
docs/directorymanager/11.0/directorymanager/admincenter/portal/linkedcombo/details.md,docs/directorymanager/11.0/configuration/admin-center/portals/linked-combo/details.md
docs/directorymanager/11.0/directorymanager/admincenter/portal/linkedcombo/fileformat.md,docs/directorymanager/11.0/configuration/admin-center/portals/linked-combo/file-format.md
docs/directorymanager/11.0/directorymanager/admincenter/portal/linkedcombo/schema.md,docs/directorymanager/11.0/configuration/admin-center/portals/linked-combo/schema.md
docs/directorymanager/11.0/directorymanager/admincenter/portal/server/overview.md,docs/directorymanager/11.0/configuration/admin-center/portals/server-configuration/index.md
docs/directorymanager/11.0/directorymanager/admincenter/portal/server/advanced.md,docs/directorymanager/11.0/configuration/admin-center/portals/server-configuration/advanced.md
docs/directorymanager/11.0/directorymanager/admincenter/portal/server/docker.md,docs/directorymanager/11.0/configuration/admin-center/portals/server-configuration/docker.md
docs/directorymanager/11.0/directorymanager/admincenter/portal/server/general.md,docs/directorymanager/11.0/configuration/admin-center/portals/server-configuration/general.md
docs/directorymanager/11.0/directorymanager/admincenter/portal/server/log.md,docs/directorymanager/11.0/configuration/admin-center/portals/server-configuration/log.md
docs/directorymanager/11.0/directorymanager/admincenter/portal/server/nativeiis.md,docs/directorymanager/11.0/configuration/admin-center/portals/server-configuration/native-iis.md
docs/directorymanager/11.0/directorymanager/admincenter/portal/server/remoteiis.md,docs/directorymanager/11.0/configuration/admin-center/portals/server-configuration/remote-iis.md
docs/directorymanager/11.0/directorymanager/admincenter/portal/server/support.md,docs/directorymanager/11.0/configuration/admin-center/portals/server-configuration/support.md
docs/directorymanager/11.0/directorymanager/admincenter/mobileservice/overview.md,docs/directorymanager/11.0/configuration/admin-center/mobile-service/index.md
docs/directorymanager/11.0/directorymanager/admincenter/mobileservice/create.md,docs/directorymanager/11.0/configuration/admin-center/mobile-service/create-mobile-service.md
docs/directorymanager/11.0/directorymanager/admincenter/mobileservice/delete.md,docs/directorymanager/11.0/configuration/admin-center/mobile-service/delete-mobile-service.md
docs/directorymanager/11.0/directorymanager/admincenter/mobileservice/phonesetup.md,docs/directorymanager/11.0/configuration/admin-center/mobile-service/phone-setup.md
docs/directorymanager/11.0/directorymanager/admincenter/mobileservice/design/overview.md,docs/directorymanager/11.0/configuration/admin-center/mobile-service/design/index.md
docs/directorymanager/11.0/directorymanager/admincenter/mobileservice/design/objectproperties.md,docs/directorymanager/11.0/configuration/admin-center/mobile-service/design/object-properties.md
docs/directorymanager/11.0/directorymanager/admincenter/mobileservice/design/permissions.md,docs/directorymanager/11.0/configuration/admin-center/mobile-service/design/permissions.md
docs/directorymanager/11.0/directorymanager/admincenter/mobileservice/design/propertyvalidation.md,docs/directorymanager/11.0/configuration/admin-center/mobile-service/design/property-validation.md
docs/directorymanager/11.0/directorymanager/admincenter/mobileservice/design/quicksearch.md,docs/directorymanager/11.0/configuration/admin-center/mobile-service/design/quick-search.md
docs/directorymanager/11.0/directorymanager/admincenter/mobileservice/design/searchresults.md,docs/directorymanager/11.0/configuration/admin-center/mobile-service/design/search-results.md
docs/directorymanager/11.0/directorymanager/admincenter/mobileservice/server/overview.md,docs/directorymanager/11.0/configuration/admin-center/mobile-service/server-configuration/index.md
docs/directorymanager/11.0/directorymanager/admincenter/mobileservice/server/deployment.md,docs/directorymanager/11.0/configuration/admin-center/mobile-service/server-configuration/deployment.md
docs/directorymanager/11.0/directorymanager/admincenter/mobileservice/server/general.md,docs/directorymanager/11.0/configuration/admin-center/mobile-service/server-configuration/general.md
docs/directorymanager/11.0/directorymanager/admincenter/notification/overview.md,docs/directorymanager/11.0/configuration/admin-center/notifications/index.md
docs/directorymanager/11.0/directorymanager/admincenter/notification/customize.md,docs/directorymanager/11.0/configuration/admin-center/notifications/customize-notifications.md
docs/directorymanager/11.0/directorymanager/admincenter/notification/queue.md,docs/directorymanager/11.0/configuration/admin-center/notifications/notification-queue.md
docs/directorymanager/11.0/directorymanager/admincenter/smsgateway/overview.md,docs/directorymanager/11.0/configuration/admin-center/sms-gateway/index.md
docs/directorymanager/11.0/directorymanager/admincenter/smsgateway/manage.md,docs/directorymanager/11.0/configuration/admin-center/sms-gateway/manage-gateways.md
docs/directorymanager/11.0/directorymanager/admincenter/smsgateway/implementcustom.md,docs/directorymanager/11.0/configuration/admin-center/sms-gateway/implement-custom.md
docs/directorymanager/11.0/directorymanager/admincenter/smsgateway/custom/overview.md,docs/directorymanager/11.0/configuration/admin-center/sms-gateway/custom-gateway/index.md
docs/directorymanager/11.0/directorymanager/admincenter/smsgateway/custom/accountid.md,docs/directorymanager/11.0/configuration/admin-center/sms-gateway/custom-gateway/account-id.md
docs/directorymanager/11.0/directorymanager/admincenter/smsgateway/custom/clone.md,docs/directorymanager/11.0/configuration/admin-center/sms-gateway/custom-gateway/clone.md
docs/directorymanager/11.0/directorymanager/admincenter/smsgateway/custom/password.md,docs/directorymanager/11.0/configuration/admin-center/sms-gateway/custom-gateway/password.md
docs/directorymanager/11.0/directorymanager/admincenter/smsgateway/custom/proxydomain.md,docs/directorymanager/11.0/configuration/admin-center/sms-gateway/custom-gateway/proxy-configuration/proxy-domain.md
docs/directorymanager/11.0/directorymanager/admincenter/smsgateway/custom/proxyhostname.md,docs/directorymanager/11.0/configuration/admin-center/sms-gateway/custom-gateway/proxy-configuration/proxy-hostname.md
docs/directorymanager/11.0/directorymanager/admincenter/smsgateway/custom/proxypassword.md,docs/directorymanager/11.0/configuration/admin-center/sms-gateway/custom-gateway/proxy-configuration/proxy-password.md
docs/directorymanager/11.0/directorymanager/admincenter/smsgateway/custom/proxyport.md,docs/directorymanager/11.0/configuration/admin-center/sms-gateway/custom-gateway/proxy-configuration/proxy-port.md
docs/directorymanager/11.0/directorymanager/admincenter/smsgateway/custom/proxyusername.md,docs/directorymanager/11.0/configuration/admin-center/sms-gateway/custom-gateway/proxy-configuration/proxy-username.md
docs/directorymanager/11.0/directorymanager/admincenter/smsgateway/custom/sendshortmessage.md,docs/directorymanager/11.0/configuration/admin-center/sms-gateway/custom-gateway/send-short-message.md
docs/directorymanager/11.0/directorymanager/admincenter/smsgateway/custom/testconnection.md,docs/directorymanager/11.0/configuration/admin-center/sms-gateway/custom-gateway/test-connection.md
docs/directorymanager/11.0/directorymanager/admincenter/smsgateway/custom/testcredentials.md,docs/directorymanager/11.0/configuration/admin-center/sms-gateway/custom-gateway/test-credentials.md
docs/directorymanager/11.0/directorymanager/admincenter/smsgateway/custom/testproxy.md,docs/directorymanager/11.0/configuration/admin-center/sms-gateway/custom-gateway/test-proxy.md
docs/directorymanager/11.0/directorymanager/admincenter/smsgateway/custom/url.md,docs/directorymanager/11.0/configuration/admin-center/sms-gateway/custom-gateway/url.md
docs/directorymanager/11.0/directorymanager/admincenter/smsgateway/custom/userid.md,docs/directorymanager/11.0/configuration/admin-center/sms-gateway/custom-gateway/user-id.md
docs/directorymanager/11.0/directorymanager/admincenter/smsgateway/custom/shortmessage/class.md,docs/directorymanager/11.0/configuration/admin-center/sms-gateway/custom-gateway/short-message/class.md
docs/directorymanager/11.0/directorymanager/admincenter/smsgateway/custom/shortmessage/accesscode.md,docs/directorymanager/11.0/configuration/admin-center/sms-gateway/custom-gateway/short-message/access-code.md
docs/directorymanager/11.0/directorymanager/admincenter/smsgateway/custom/shortmessage/maxlength.md,docs/directorymanager/11.0/configuration/admin-center/sms-gateway/custom-gateway/short-message/max-length.md
docs/directorymanager/11.0/directorymanager/admincenter/smsgateway/custom/shortmessage/message.md,docs/directorymanager/11.0/configuration/admin-center/sms-gateway/custom-gateway/short-message/message.md
docs/directorymanager/11.0/directorymanager/admincenter/smsgateway/custom/shortmessage/phonenumbers.md,docs/directorymanager/11.0/configuration/admin-center/sms-gateway/custom-gateway/short-message/phone-numbers.md
docs/directorymanager/11.0/directorymanager/admincenter/smsgateway/custom/shortmessage/referenceid.md,docs/directorymanager/11.0/configuration/admin-center/sms-gateway/custom-gateway/short-message/reference-id.md
docs/directorymanager/11.0/directorymanager/admincenter/smsgateway/custom/shortmessage/validate.md,docs/directorymanager/11.0/configuration/admin-center/sms-gateway/custom-gateway/short-message/validate.md
docs/directorymanager/11.0/directorymanager/admincenter/smsgateway/custom/sendsmsmessageresult/class.md,docs/directorymanager/11.0/configuration/admin-center/sms-gateway/custom-gateway/send-sms-message-result/class.md
docs/directorymanager/11.0/directorymanager/admincenter/smsgateway/custom/sendsmsmessageresult/exceptionmessage.md,docs/directorymanager/11.0/configuration/admin-center/sms-gateway/custom-gateway/send-sms-message-result/exception-message.md
docs/directorymanager/11.0/directorymanager/admincenter/smsgateway/custom/sendsmsmessageresult/message.md,docs/directorymanager/11.0/configuration/admin-center/sms-gateway/custom-gateway/send-sms-message-result/message.md
docs/directorymanager/11.0/directorymanager/admincenter/smsgateway/custom/sendsmsmessageresult/success.md,docs/directorymanager/11.0/configuration/admin-center/sms-gateway/custom-gateway/send-sms-message-result/success.md
docs/directorymanager/11.0/directorymanager/admincenter/workflow/overview.md,docs/directorymanager/11.0/configuration/admin-center/workflows/index.md
docs/directorymanager/11.0/directorymanager/admincenter/workflow/implement.md,docs/directorymanager/11.0/configuration/admin-center/workflows/implement-workflow.md
docs/directorymanager/11.0/directorymanager/admincenter/workflow/integrate.md,docs/directorymanager/11.0/configuration/admin-center/workflows/integrate-workflow.md
docs/directorymanager/11.0/directorymanager/admincenter/workflow/advancedsettings.md,docs/directorymanager/11.0/configuration/admin-center/workflows/advanced-settings.md
docs/directorymanager/11.0/directorymanager/admincenter/workflow/approveracceleration.md,docs/directorymanager/11.0/configuration/admin-center/workflows/approver-acceleration.md
docs/directorymanager/11.0/directorymanager/admincenter/helpdesk/overview.md,docs/directorymanager/11.0/configuration/admin-center/helpdesk/index.md
docs/directorymanager/11.0/directorymanager/admincenter/helpdesk/history.md,docs/directorymanager/11.0/configuration/admin-center/helpdesk/helpdesk-history.md
docs/directorymanager/11.0/directorymanager/admincenter/helpdesk/operation/overview.md,docs/directorymanager/11.0/configuration/admin-center/helpdesk/operations/index.md
docs/directorymanager/11.0/directorymanager/admincenter/helpdesk/operation/asktoenroll.md,docs/directorymanager/11.0/configuration/admin-center/helpdesk/operations/ask-to-enroll.md
docs/directorymanager/11.0/directorymanager/admincenter/helpdesk/operation/export.md,docs/directorymanager/11.0/configuration/admin-center/helpdesk/operations/export.md
docs/directorymanager/11.0/directorymanager/admincenter/helpdesk/operation/resetpassword.md,docs/directorymanager/11.0/configuration/admin-center/helpdesk/operations/reset-password.md
docs/directorymanager/11.0/directorymanager/admincenter/helpdesk/operation/search.md,docs/directorymanager/11.0/configuration/admin-center/helpdesk/operations/search.md
docs/directorymanager/11.0/directorymanager/admincenter/helpdesk/operation/unenroll.md,docs/directorymanager/11.0/configuration/admin-center/helpdesk/operations/unenroll.md
docs/directorymanager/11.0/directorymanager/admincenter/helpdesk/operation/unlockaccount.md,docs/directorymanager/11.0/configuration/admin-center/helpdesk/operations/unlock-account.md
docs/directorymanager/11.0/directorymanager/admincenter/replication/overview.md,docs/directorymanager/11.0/configuration/admin-center/replication/index.md
docs/directorymanager/11.0/directorymanager/admincenter/replication/settings.md,docs/directorymanager/11.0/configuration/admin-center/replication/replication-settings.md
docs/directorymanager/11.0/directorymanager/configureentraid/overview.md,docs/directorymanager/11.0/configuration/entra-id-configuration/index.md
docs/directorymanager/11.0/directorymanager/configureentraid/create.md,docs/directorymanager/11.0/configuration/entra-id-configuration/create-configuration.md
docs/directorymanager/11.0/directorymanager/configureentraid/register/overview.md,docs/directorymanager/11.0/configuration/entra-id-configuration/app-registration/index.md
docs/directorymanager/11.0/directorymanager/configureentraid/register/create.md,docs/directorymanager/11.0/configuration/entra-id-configuration/app-registration/create-registration.md
docs/directorymanager/11.0/directorymanager/configureentraid/register/apppermissions.md,docs/directorymanager/11.0/configuration/entra-id-configuration/app-registration/app-permissions.md
docs/directorymanager/11.0/directorymanager/configureentraid/register/appregister.md,docs/directorymanager/11.0/configuration/entra-id-configuration/app-registration/app-register.md
docs/directorymanager/11.0/directorymanager/configureentraid/register/modauth.md,docs/directorymanager/11.0/configuration/entra-id-configuration/app-registration/modern-authentication.md
docs/directorymanager/11.0/directorymanager/portal/welcome.md,docs/directorymanager/11.0/user-guide/portal-overview/welcome.md
docs/directorymanager/11.0/directorymanager/portal/login.md,docs/directorymanager/11.0/user-guide/portal-overview/login.md
docs/directorymanager/11.0/directorymanager/portal/dashboard.md,docs/directorymanager/11.0/user-guide/portal-overview/dashboard.md
docs/directorymanager/11.0/directorymanager/portal/generalfeatures.md,docs/directorymanager/11.0/user-guide/portal-overview/general-features.md
docs/directorymanager/11.0/directorymanager/portal/toolbar.md,docs/directorymanager/11.0/user-guide/portal-overview/toolbar.md
docs/directorymanager/11.0/directorymanager/portal/group/overview.md,docs/directorymanager/11.0/user-guide/groups/index.md
docs/directorymanager/11.0/directorymanager/portal/group/allgroups.md,docs/directorymanager/11.0/user-guide/groups/overview/all-groups.md
docs/directorymanager/11.0/directorymanager/portal/group/alldynasties.md,docs/directorymanager/11.0/user-guide/groups/overview/all-dynasties.md
docs/directorymanager/11.0/directorymanager/portal/group/allexpiredgroups.md,docs/directorymanager/11.0/user-guide/groups/overview/all-expired-groups.md
docs/directorymanager/11.0/directorymanager/portal/group/allexpiringgroups.md,docs/directorymanager/11.0/user-guide/groups/overview/all-expiring-groups.md
docs/directorymanager/11.0/directorymanager/portal/group/allsmartgroups.md,docs/directorymanager/11.0/user-guide/groups/overview/all-smart-groups.md
docs/directorymanager/11.0/directorymanager/portal/group/mygroups.md,docs/directorymanager/11.0/user-guide/groups/overview/my-groups.md
docs/directorymanager/11.0/directorymanager/portal/group/mydynasties.md,docs/directorymanager/11.0/user-guide/groups/overview/my-dynasties.md
docs/directorymanager/11.0/directorymanager/portal/group/mydeletedgroups.md,docs/directorymanager/11.0/user-guide/groups/overview/my-deleted-groups.md
docs/directorymanager/11.0/directorymanager/portal/group/myexpiredgroups.md,docs/directorymanager/11.0/user-guide/groups/overview/my-expired-groups.md
docs/directorymanager/11.0/directorymanager/portal/group/myexpiringgroups.md,docs/directorymanager/11.0/user-guide/groups/overview/my-expiring-groups.md
docs/directorymanager/11.0/directorymanager/portal/group/mymemberships.md,docs/directorymanager/11.0/user-guide/groups/overview/my-memberships.md
docs/directorymanager/11.0/directorymanager/portal/group/mysmartgroups.md,docs/directorymanager/11.0/user-guide/groups/overview/my-smart-groups.md
docs/directorymanager/11.0/directorymanager/portal/group/myteams.md,docs/directorymanager/11.0/user-guide/groups/overview/my-teams.md
docs/directorymanager/11.0/directorymanager/portal/group/passwordexpirygroups.md,docs/directorymanager/11.0/user-guide/groups/overview/password-expiry-groups.md
docs/directorymanager/11.0/directorymanager/portal/group/privategroups.md,docs/directorymanager/11.0/user-guide/groups/overview/private-groups.md
docs/directorymanager/11.0/directorymanager/portal/group/publicgroups.md,docs/directorymanager/11.0/user-guide/groups/overview/public-groups.md
docs/directorymanager/11.0/directorymanager/portal/group/semiprivategroups.md,docs/directorymanager/11.0/user-guide/groups/overview/semi-private-groups.md
docs/directorymanager/11.0/directorymanager/portal/group/teams.md,docs/directorymanager/11.0/user-guide/groups/overview/teams.md
docs/directorymanager/11.0/directorymanager/portal/group/create/overview.md,docs/directorymanager/11.0/user-guide/groups/creating-groups/index.md
docs/directorymanager/11.0/directorymanager/portal/group/create/grouptype.md,docs/directorymanager/11.0/user-guide/groups/creating-groups/group-type.md
docs/directorymanager/11.0/directorymanager/portal/group/create/activedirectory/general.md,docs/directorymanager/11.0/user-guide/groups/creating-groups/active-directory/general.md
docs/directorymanager/11.0/directorymanager/portal/group/create/activedirectory/group.md,docs/directorymanager/11.0/user-guide/groups/creating-groups/active-directory/group.md
docs/directorymanager/11.0/directorymanager/portal/group/create/activedirectory/members.md,docs/directorymanager/11.0/user-guide/groups/creating-groups/active-directory/members.md
docs/directorymanager/11.0/directorymanager/portal/group/create/activedirectory/owners.md,docs/directorymanager/11.0/user-guide/groups/creating-groups/active-directory/owners.md
docs/directorymanager/11.0/directorymanager/portal/group/create/activedirectory/smartgroup.md,docs/directorymanager/11.0/user-guide/groups/creating-groups/active-directory/smart-group.md
docs/directorymanager/11.0/directorymanager/portal/group/create/azure/general.md,docs/directorymanager/11.0/user-guide/groups/creating-groups/azure/general.md
docs/directorymanager/11.0/directorymanager/portal/group/create/azure/group.md,docs/directorymanager/11.0/user-guide/groups/creating-groups/azure/group.md
docs/directorymanager/11.0/directorymanager/portal/group/dynasty/overview.md,docs/directorymanager/11.0/user-guide/groups/creating-dynasties/index.md
docs/directorymanager/11.0/directorymanager/portal/group/dynasty/dynastyoptionsmanagerial.md,docs/directorymanager/11.0/user-guide/groups/creating-dynasties/dynasty-options-managerial.md
docs/directorymanager/11.0/directorymanager/portal/group/dynasty/dynastyoptionsorggeocus.md,docs/directorymanager/11.0/user-guide/groups/creating-dynasties/dynasty-options-org-geo-cus.md
docs/directorymanager/11.0/directorymanager/portal/group/dynasty/activedirectory/createdynasty.md,docs/directorymanager/11.0/user-guide/groups/creating-dynasties/active-directory/create-dynasty.md
docs/directorymanager/11.0/directorymanager/portal/group/dynasty/azure/general.md,docs/directorymanager/11.0/user-guide/groups/creating-dynasties/azure/general.md
docs/directorymanager/11.0/directorymanager/portal/group/dynasty/azure/createdynasty.md,docs/directorymanager/11.0/user-guide/groups/creating-dynasties/azure/create-dynasty.md
docs/directorymanager/11.0/directorymanager/portal/group/teams/create.md,docs/directorymanager/11.0/user-guide/groups/creating-teams/create.md
docs/directorymanager/11.0/directorymanager/portal/group/manage/workingwithgroups.md,docs/directorymanager/11.0/user-guide/groups/managing-groups/working-with-groups.md
docs/directorymanager/11.0/directorymanager/portal/group/manage/generalfunction.md,docs/directorymanager/11.0/user-guide/groups/managing-groups/general-function.md
docs/directorymanager/11.0/directorymanager/portal/group/manage/groupaccess.md,docs/directorymanager/11.0/user-guide/groups/managing-groups/group-access.md
docs/directorymanager/11.0/directorymanager/portal/group/manage/groupdeletion.md,docs/directorymanager/11.0/user-guide/groups/managing-groups/group-deletion.md
docs/directorymanager/11.0/directorymanager/portal/group/manage/groupexpiry.md,docs/directorymanager/11.0/user-guide/groups/managing-groups/group-expiry.md
docs/directorymanager/11.0/directorymanager/portal/group/manage/groupexpiryfunction.md,docs/directorymanager/11.0/user-guide/groups/managing-groups/group-expiry-function.md
docs/directorymanager/11.0/directorymanager/portal/group/manage/groupjoinleave.md,docs/directorymanager/11.0/user-guide/groups/managing-groups/group-join-leave.md
docs/directorymanager/11.0/directorymanager/portal/group/manage/groupmembershipfunction.md,docs/directorymanager/11.0/user-guide/groups/managing-groups/group-membership-function.md
docs/directorymanager/11.0/directorymanager/portal/group/manage/groupownershipfunction.md,docs/directorymanager/11.0/user-guide/groups/managing-groups/group-ownership-function.md
docs/directorymanager/11.0/directorymanager/portal/group/manage/dynastyfunction.md,docs/directorymanager/11.0/user-guide/groups/managing-groups/dynasty-function.md
docs/directorymanager/11.0/directorymanager/portal/group/manage/scheduleupdate.md,docs/directorymanager/11.0/user-guide/groups/managing-groups/schedule-update.md
docs/directorymanager/11.0/directorymanager/portal/group/manage/sendassendonbehalf.md,docs/directorymanager/11.0/user-guide/groups/managing-groups/send-as-send-on-behalf.md
docs/directorymanager/11.0/directorymanager/portal/group/manage/attestation.md,docs/directorymanager/11.0/user-guide/groups/managing-groups/attestation.md
docs/directorymanager/11.0/directorymanager/portal/group/transferownership.md,docs/directorymanager/11.0/user-guide/groups/managing-groups/transfer-ownership.md
docs/directorymanager/11.0/directorymanager/portal/group/properties/overview.md,docs/directorymanager/11.0/user-guide/groups/group-properties/index.md
docs/directorymanager/11.0/directorymanager/portal/group/properties/general.md,docs/directorymanager/11.0/user-guide/groups/group-properties/general.md
docs/directorymanager/11.0/directorymanager/portal/group/properties/advanced.md,docs/directorymanager/11.0/user-guide/groups/group-properties/advanced.md
docs/directorymanager/11.0/directorymanager/portal/group/properties/attributes.md,docs/directorymanager/11.0/user-guide/groups/group-properties/attributes.md
docs/directorymanager/11.0/directorymanager/portal/group/properties/channels.md,docs/directorymanager/11.0/user-guide/groups/group-properties/channels.md
docs/directorymanager/11.0/directorymanager/portal/group/properties/deliveryrestrictions.md,docs/directorymanager/11.0/user-guide/groups/group-properties/delivery-restrictions.md
docs/directorymanager/11.0/directorymanager/portal/group/properties/dynastyoptions.md,docs/directorymanager/11.0/user-guide/groups/group-properties/dynasty-options.md
docs/directorymanager/11.0/directorymanager/portal/group/properties/email.md,docs/directorymanager/11.0/user-guide/groups/group-properties/email.md
docs/directorymanager/11.0/directorymanager/portal/group/properties/entitlements.md,docs/directorymanager/11.0/user-guide/groups/group-properties/entitlements.md
docs/directorymanager/11.0/directorymanager/portal/group/properties/history.md,docs/directorymanager/11.0/user-guide/groups/group-properties/history.md
docs/directorymanager/11.0/directorymanager/portal/group/properties/importadditionalowners.md,docs/directorymanager/11.0/user-guide/groups/group-properties/import-additional-owners.md
docs/directorymanager/11.0/directorymanager/portal/group/properties/importmembers.md,docs/directorymanager/11.0/user-guide/groups/group-properties/import-members.md
docs/directorymanager/11.0/directorymanager/portal/group/properties/memberof.md,docs/directorymanager/11.0/user-guide/groups/group-properties/member-of.md
docs/directorymanager/11.0/directorymanager/portal/group/properties/members.md,docs/directorymanager/11.0/user-guide/groups/group-properties/members.md
docs/directorymanager/11.0/directorymanager/portal/group/properties/owner.md,docs/directorymanager/11.0/user-guide/groups/group-properties/owner.md
docs/directorymanager/11.0/directorymanager/portal/group/properties/similargroups.md,docs/directorymanager/11.0/user-guide/groups/group-properties/similar-groups.md
docs/directorymanager/11.0/directorymanager/portal/group/properties/smartgroup.md,docs/directorymanager/11.0/user-guide/groups/group-properties/smart-group.md
docs/directorymanager/11.0/directorymanager/portal/group/properties/treeview.md,docs/directorymanager/11.0/user-guide/groups/group-properties/tree-view.md
docs/directorymanager/11.0/directorymanager/portal/group/querydesigner/overview.md,docs/directorymanager/11.0/user-guide/groups/query-designer/index.md
docs/directorymanager/11.0/directorymanager/portal/group/querydesigner/general.md,docs/directorymanager/11.0/user-guide/groups/query-designer/general.md
docs/directorymanager/11.0/directorymanager/portal/group/querydesigner/database.md,docs/directorymanager/11.0/user-guide/groups/query-designer/database.md
docs/directorymanager/11.0/directorymanager/portal/group/querydesigner/filtercriteria.md,docs/directorymanager/11.0/user-guide/groups/query-designer/filter-criteria.md
docs/directorymanager/11.0/directorymanager/portal/group/querydesigner/includeexclude.md,docs/directorymanager/11.0/user-guide/groups/query-designer/include-exclude.md
docs/directorymanager/11.0/directorymanager/portal/group/querydesigner/passwordexpiryoptions.md,docs/directorymanager/11.0/user-guide/groups/query-designer/password-expiry-options.md
docs/directorymanager/11.0/directorymanager/portal/group/querydesigner/script.md,docs/directorymanager/11.0/user-guide/groups/query-designer/script.md
docs/directorymanager/11.0/directorymanager/portal/group/querydesigner/storage.md,docs/directorymanager/11.0/user-guide/groups/query-designer/storage.md
docs/directorymanager/11.0/directorymanager/portal/group/recyclebin/overview.md,docs/directorymanager/11.0/user-guide/groups/recycle-bin/index.md
docs/directorymanager/11.0/directorymanager/portal/group/recyclebin/general.md,docs/directorymanager/11.0/user-guide/groups/recycle-bin/general.md
docs/directorymanager/11.0/directorymanager/portal/user/overview.md,docs/directorymanager/11.0/user-guide/users/index.md
docs/directorymanager/11.0/directorymanager/portal/user/create/overview.md,docs/directorymanager/11.0/user-guide/users/creating-users/index.md
docs/directorymanager/11.0/directorymanager/portal/user/create/activedirectory/overview.md,docs/directorymanager/11.0/user-guide/users/creating-users/active-directory/index.md
docs/directorymanager/11.0/directorymanager/portal/user/create/activedirectory/account.md,docs/directorymanager/11.0/user-guide/users/creating-users/active-directory/account.md
docs/directorymanager/11.0/directorymanager/portal/user/create/activedirectory/user.md,docs/directorymanager/11.0/user-guide/users/creating-users/active-directory/user.md
docs/directorymanager/11.0/directorymanager/portal/user/create/activedirectory/password.md,docs/directorymanager/11.0/user-guide/users/creating-users/active-directory/password.md
docs/directorymanager/11.0/directorymanager/portal/user/create/activedirectory/messaging.md,docs/directorymanager/11.0/user-guide/users/creating-users/active-directory/messaging.md
docs/directorymanager/11.0/directorymanager/portal/user/create/activedirectory/summary.md,docs/directorymanager/11.0/user-guide/users/creating-users/active-directory/summary.md
docs/directorymanager/11.0/directorymanager/portal/user/create/activedirectory/contact/contact.md,docs/directorymanager/11.0/user-guide/users/creating-users/active-directory/contact/contact.md
docs/directorymanager/11.0/directorymanager/portal/user/create/activedirectory/mailbox/exchange.md,docs/directorymanager/11.0/user-guide/users/creating-users/active-directory/mailbox/exchange.md
docs/directorymanager/11.0/directorymanager/portal/user/create/activedirectory/mailbox/mailbox.md,docs/directorymanager/11.0/user-guide/users/creating-users/active-directory/mailbox/mailbox.md
docs/directorymanager/11.0/directorymanager/portal/user/create/azure/overview.md,docs/directorymanager/11.0/user-guide/users/creating-users/azure/index.md
docs/directorymanager/11.0/directorymanager/portal/user/create/azure/account.md,docs/directorymanager/11.0/user-guide/users/creating-users/azure/account.md
docs/directorymanager/11.0/directorymanager/portal/user/create/azure/user.md,docs/directorymanager/11.0/user-guide/users/creating-users/azure/user.md
docs/directorymanager/11.0/directorymanager/portal/user/create/azure/password.md,docs/directorymanager/11.0/user-guide/users/creating-users/azure/password.md
docs/directorymanager/11.0/directorymanager/portal/user/create/azure/directoryrole.md,docs/directorymanager/11.0/user-guide/users/creating-users/azure/directory-role.md
docs/directorymanager/11.0/directorymanager/portal/user/create/azure/mailbox/exchange.md,docs/directorymanager/11.0/user-guide/users/creating-users/azure/mailbox/exchange.md
docs/directorymanager/11.0/directorymanager/portal/user/create/azure/mailbox/mailbox.md,docs/directorymanager/11.0/user-guide/users/creating-users/azure/mailbox/mailbox.md
docs/directorymanager/11.0/directorymanager/portal/user/manage/overview.md,docs/directorymanager/11.0/user-guide/users/managing-users/index.md
docs/directorymanager/11.0/directorymanager/portal/user/manage/viewprofile.md,docs/directorymanager/11.0/user-guide/users/managing-users/view-profile.md
docs/directorymanager/11.0/directorymanager/portal/user/manage/changepassword.md,docs/directorymanager/11.0/user-guide/users/managing-users/change-password.md
docs/directorymanager/11.0/directorymanager/portal/user/manage/passwordmanagement.md,docs/directorymanager/11.0/user-guide/users/managing-users/password-management.md
docs/directorymanager/11.0/directorymanager/portal/user/manage/resetpassword.md,docs/directorymanager/11.0/user-guide/users/managing-users/reset-password.md
docs/directorymanager/11.0/directorymanager/portal/user/manage/unlockaccount.md,docs/directorymanager/11.0/user-guide/users/managing-users/unlock-account.md
docs/directorymanager/11.0/directorymanager/portal/user/manage/validateprofile.md,docs/directorymanager/11.0/user-guide/users/managing-users/validate-profile.md
docs/directorymanager/11.0/directorymanager/portal/user/manage/directreport.md,docs/directorymanager/11.0/user-guide/users/managing-users/direct-report.md
docs/directorymanager/11.0/directorymanager/portal/user/manage/organizationalheirarchy.md,docs/directorymanager/11.0/user-guide/users/managing-users/organizational-hierarchy.md
docs/directorymanager/11.0/directorymanager/portal/user/manage/credentialprovider.md,docs/directorymanager/11.0/user-guide/users/managing-users/credential-provider/index.md
docs/directorymanager/11.0/directorymanager/portal/user/manage/installcp.md,docs/directorymanager/11.0/user-guide/users/managing-users/credential-provider/install-credential-provider.md
docs/directorymanager/11.0/directorymanager/portal/user/manage/uninstallcp.md,docs/directorymanager/11.0/user-guide/users/managing-users/credential-provider/uninstall-credential-provider.md
docs/directorymanager/11.0/directorymanager/portal/user/disableduser.md,docs/directorymanager/11.0/user-guide/users/managing-users/disabled-user.md
docs/directorymanager/11.0/directorymanager/portal/user/linkedaccounts.md,docs/directorymanager/11.0/user-guide/users/managing-users/linked-accounts.md
docs/directorymanager/11.0/directorymanager/portal/user/properties/overview.md,docs/directorymanager/11.0/user-guide/users/user-properties/index.md
docs/directorymanager/11.0/directorymanager/portal/user/properties/activedirectory/overview.md,docs/directorymanager/11.0/user-guide/users/user-properties/active-directory/index.md
docs/directorymanager/11.0/directorymanager/portal/user/properties/activedirectory/useroverview.md,docs/directorymanager/11.0/user-guide/users/user-properties/active-directory/user-overview.md
docs/directorymanager/11.0/directorymanager/portal/user/properties/activedirectory/general.md,docs/directorymanager/11.0/user-guide/users/user-properties/active-directory/general.md
docs/directorymanager/11.0/directorymanager/portal/user/properties/activedirectory/account.md,docs/directorymanager/11.0/user-guide/users/user-properties/active-directory/account.md
docs/directorymanager/11.0/directorymanager/portal/user/properties/activedirectory/organization.md,docs/directorymanager/11.0/user-guide/users/user-properties/active-directory/organization.md
docs/directorymanager/11.0/directorymanager/portal/user/properties/activedirectory/phonenote.md,docs/directorymanager/11.0/user-guide/users/user-properties/active-directory/phone-note.md
docs/directorymanager/11.0/directorymanager/portal/user/properties/activedirectory/email.md,docs/directorymanager/11.0/user-guide/users/user-properties/active-directory/email.md
docs/directorymanager/11.0/directorymanager/portal/user/properties/activedirectory/advanced.md,docs/directorymanager/11.0/user-guide/users/user-properties/active-directory/advanced.md
docs/directorymanager/11.0/directorymanager/portal/user/properties/activedirectory/entitlement.md,docs/directorymanager/11.0/user-guide/users/user-properties/active-directory/entitlement.md
docs/directorymanager/11.0/directorymanager/portal/user/properties/activedirectory/memberof.md,docs/directorymanager/11.0/user-guide/users/user-properties/active-directory/member-of.md
docs/directorymanager/11.0/directorymanager/portal/user/properties/activedirectory/contact/overview.md,docs/directorymanager/11.0/user-guide/users/user-properties/active-directory/contact/index.md
docs/directorymanager/11.0/directorymanager/portal/user/properties/activedirectory/contact/advanced.md,docs/directorymanager/11.0/user-guide/users/user-properties/active-directory/contact/advanced.md
docs/directorymanager/11.0/directorymanager/portal/user/properties/activedirectory/contact/memberof.md,docs/directorymanager/11.0/user-guide/users/user-properties/active-directory/contact/member-of.md
docs/directorymanager/11.0/directorymanager/portal/user/properties/activedirectory/mailbox/overview.md,docs/directorymanager/11.0/user-guide/users/user-properties/active-directory/mailbox/index.md
docs/directorymanager/11.0/directorymanager/portal/user/properties/activedirectory/mailbox/advanced.md,docs/directorymanager/11.0/user-guide/users/user-properties/active-directory/mailbox/advanced.md
docs/directorymanager/11.0/directorymanager/portal/user/properties/activedirectory/mailbox/autoreply.md,docs/directorymanager/11.0/user-guide/users/user-properties/active-directory/mailbox/auto-reply.md
docs/directorymanager/11.0/directorymanager/portal/user/properties/activedirectory/mailbox/limits.md,docs/directorymanager/11.0/user-guide/users/user-properties/active-directory/mailbox/limits.md
docs/directorymanager/11.0/directorymanager/portal/user/properties/azure/overview.md,docs/directorymanager/11.0/user-guide/users/user-properties/azure/index.md
docs/directorymanager/11.0/directorymanager/portal/user/properties/azure/identity.md,docs/directorymanager/11.0/user-guide/users/user-properties/azure/identity.md
docs/directorymanager/11.0/directorymanager/portal/user/properties/azure/contactinfo.md,docs/directorymanager/11.0/user-guide/users/user-properties/azure/contact-info.md
docs/directorymanager/11.0/directorymanager/portal/user/properties/azure/jobinfo.md,docs/directorymanager/11.0/user-guide/users/user-properties/azure/job-info.md
docs/directorymanager/11.0/directorymanager/portal/user/properties/azure/directoryrole.md,docs/directorymanager/11.0/user-guide/users/user-properties/azure/directory-role.md
docs/directorymanager/11.0/directorymanager/portal/user/authentication/authenticateaccount.md,docs/directorymanager/11.0/user-guide/users/authentication/authenticate-account.md
docs/directorymanager/11.0/directorymanager/portal/user/authentication/enrollaccount.md,docs/directorymanager/11.0/user-guide/users/authentication/enroll-account.md
docs/directorymanager/11.0/directorymanager/portal/user/authentication/passwordreset.md,docs/directorymanager/11.0/user-guide/users/authentication/password-reset.md
docs/directorymanager/11.0/directorymanager/portal/user/authentication/secondfactorauthentication.md,docs/directorymanager/11.0/user-guide/users/authentication/second-factor-authentication.md
docs/directorymanager/11.0/directorymanager/portal/entitlement/overview.md,docs/directorymanager/11.0/user-guide/entitlements/index.md
docs/directorymanager/11.0/directorymanager/portal/entitlement/fileservers.md,docs/directorymanager/11.0/user-guide/entitlements/file-servers.md
docs/directorymanager/11.0/directorymanager/portal/entitlement/sharepointsites.md,docs/directorymanager/11.0/user-guide/entitlements/sharepoint-sites.md
docs/directorymanager/11.0/directorymanager/portal/search/find.md,docs/directorymanager/11.0/user-guide/search/find.md
docs/directorymanager/11.0/directorymanager/portal/search/querysearch.md,docs/directorymanager/11.0/user-guide/search/query-search.md
docs/directorymanager/11.0/directorymanager/portal/search/search.md,docs/directorymanager/11.0/user-guide/search/search.md
docs/directorymanager/11.0/directorymanager/portal/synchronize/overview.md,docs/directorymanager/11.0/user-guide/synchronization/index.md
docs/directorymanager/11.0/directorymanager/portal/synchronize/dashboard.md,docs/directorymanager/11.0/user-guide/synchronization/dashboard.md
docs/directorymanager/11.0/directorymanager/portal/synchronize/provider.md,docs/directorymanager/11.0/user-guide/synchronization/provider.md
docs/directorymanager/11.0/directorymanager/portal/synchronize/job/chooseyourjobtemplate.md,docs/directorymanager/11.0/user-guide/synchronization/creating-jobs/choose-job-template.md
docs/directorymanager/11.0/directorymanager/portal/synchronize/job/create.md,docs/directorymanager/11.0/user-guide/synchronization/creating-jobs/index.md
docs/directorymanager/11.0/directorymanager/portal/synchronize/job/sourceanddestination.md,docs/directorymanager/11.0/user-guide/synchronization/creating-jobs/source-and-destination.md
docs/directorymanager/11.0/directorymanager/portal/synchronize/job/objectfieldsandmapping.md,docs/directorymanager/11.0/user-guide/synchronization/creating-jobs/object-fields-and-mapping.md
docs/directorymanager/11.0/directorymanager/portal/synchronize/job/mappingfield.md,docs/directorymanager/11.0/user-guide/synchronization/creating-jobs/mapping-field.md
docs/directorymanager/11.0/directorymanager/portal/synchronize/job/selectedfield.md,docs/directorymanager/11.0/user-guide/synchronization/creating-jobs/selected-field.md
docs/directorymanager/11.0/directorymanager/portal/synchronize/job/scheduleandnotification.md,docs/directorymanager/11.0/user-guide/synchronization/creating-jobs/schedule-and-notification.md
docs/directorymanager/11.0/directorymanager/portal/synchronize/job/exchange.md,docs/directorymanager/11.0/user-guide/synchronization/creating-jobs/exchange.md
docs/directorymanager/11.0/directorymanager/portal/synchronize/job/googleapp.md,docs/directorymanager/11.0/user-guide/synchronization/creating-jobs/google-app.md
docs/directorymanager/11.0/directorymanager/portal/synchronize/job/office365.md,docs/directorymanager/11.0/user-guide/synchronization/creating-jobs/office-365.md
docs/directorymanager/11.0/directorymanager/portal/synchronize/job/messagingsystemoverview.md,docs/directorymanager/11.0/user-guide/synchronization/creating-jobs/messaging-system-overview.md
docs/directorymanager/11.0/directorymanager/portal/synchronize/collection/chooseyourjobcollectiontemplate.md,docs/directorymanager/11.0/user-guide/synchronization/creating-collections/choose-job-collection-template.md
docs/directorymanager/11.0/directorymanager/portal/synchronize/collection/create.md,docs/directorymanager/11.0/user-guide/synchronization/creating-collections/create.md
docs/directorymanager/11.0/directorymanager/portal/synchronize/collection/schedulingandnotification.md,docs/directorymanager/11.0/user-guide/synchronization/creating-collections/scheduling-and-notification.md
docs/directorymanager/11.0/directorymanager/portal/synchronize/collection/synchronizedjobcollection.md,docs/directorymanager/11.0/user-guide/synchronization/creating-collections/synchronized-job-collection.md
docs/directorymanager/11.0/directorymanager/portal/synchronize/manage/overview.md,docs/directorymanager/11.0/user-guide/synchronization/managing-sync/index.md
docs/directorymanager/11.0/directorymanager/portal/synchronize/manage/job.md,docs/directorymanager/11.0/user-guide/synchronization/managing-sync/manage-jobs.md
docs/directorymanager/11.0/directorymanager/portal/synchronize/manage/jobcollection.md,docs/directorymanager/11.0/user-guide/synchronization/managing-sync/manage-job-collections.md
docs/directorymanager/11.0/directorymanager/portal/synchronize/manage/jobcollectiontemplate.md,docs/directorymanager/11.0/user-guide/synchronization/managing-sync/manage-job-collection-templates.md
docs/directorymanager/11.0/directorymanager/portal/synchronize/manage/jobtemplate.md,docs/directorymanager/11.0/user-guide/synchronization/managing-sync/manage-job-templates.md
docs/directorymanager/11.0/directorymanager/portal/synchronize/manage/schedule.md,docs/directorymanager/11.0/user-guide/synchronization/managing-sync/manage-schedules.md
docs/directorymanager/11.0/directorymanager/portal/synchronize/script/dtmscript.md,docs/directorymanager/11.0/user-guide/synchronization/scripting/dtm-script.md
docs/directorymanager/11.0/directorymanager/portal/synchronize/script/samplecontainerscript.md,docs/directorymanager/11.0/user-guide/synchronization/scripting/sample-container-script.md
docs/directorymanager/11.0/directorymanager/portal/synchronize/script/sampletransformscript.md,docs/directorymanager/11.0/user-guide/synchronization/scripting/sample-transform-script.md
docs/directorymanager/11.0/directorymanager/portal/synchronize/script/visualbasicnetbasic.md,docs/directorymanager/11.0/user-guide/synchronization/scripting/visual-basic-net-basic.md
docs/directorymanager/11.0/directorymanager/portal/synchronize/transformation/overview.md,docs/directorymanager/11.0/user-guide/synchronization/transformation/index.md
docs/directorymanager/11.0/directorymanager/portal/synchronize/transformation/autogenerateuniquepassword.md,docs/directorymanager/11.0/user-guide/synchronization/transformation/auto-generate-unique-password.md
docs/directorymanager/11.0/directorymanager/portal/report/dashboard.md,docs/directorymanager/11.0/user-guide/reports/dashboard.md
docs/directorymanager/11.0/directorymanager/portal/report/generate.md,docs/directorymanager/11.0/user-guide/reports/generate-reports.md
docs/directorymanager/11.0/directorymanager/portal/report/manage.md,docs/directorymanager/11.0/user-guide/reports/manage-reports.md
docs/directorymanager/11.0/directorymanager/portal/report/computer.md,docs/directorymanager/11.0/user-guide/reports/computer-reports.md
docs/directorymanager/11.0/directorymanager/portal/report/contact.md,docs/directorymanager/11.0/user-guide/reports/contact-reports.md
docs/directorymanager/11.0/directorymanager/portal/report/group.md,docs/directorymanager/11.0/user-guide/reports/group-reports.md
docs/directorymanager/11.0/directorymanager/portal/report/user.md,docs/directorymanager/11.0/user-guide/reports/user-reports.md
docs/directorymanager/11.0/directorymanager/portal/request/overview.md,docs/directorymanager/11.0/user-guide/requests/index.md
docs/directorymanager/11.0/directorymanager/portal/request/allrequest.md,docs/directorymanager/11.0/user-guide/requests/all-requests.md
docs/directorymanager/11.0/directorymanager/portal/request/myrequest.md,docs/directorymanager/11.0/user-guide/requests/my-requests.md
docs/directorymanager/11.0/directorymanager/portal/request/pending.md,docs/directorymanager/11.0/user-guide/requests/pending-requests.md
docs/directorymanager/11.0/directorymanager/portal/history/overview.md,docs/directorymanager/11.0/user-guide/history/index.md
docs/directorymanager/11.0/directorymanager/portal/history/myhistory.md,docs/directorymanager/11.0/user-guide/history/my-history.md
docs/directorymanager/11.0/directorymanager/portal/history/mydirectorygroup.md,docs/directorymanager/11.0/user-guide/history/my-directory-group.md
docs/directorymanager/11.0/directorymanager/portal/history/mydirectreport.md,docs/directorymanager/11.0/user-guide/history/my-direct-report.md
docs/directorymanager/11.0/directorymanager/portal/setting/portal.md,docs/directorymanager/11.0/user-guide/settings/portal-settings.md
docs/directorymanager/11.0/directorymanager/portal/setting/user.md,docs/directorymanager/11.0/user-guide/settings/user-settings.md
docs/directorymanager/11.0/directorymanager/authenticate/overview.md,docs/directorymanager/11.0/integrations/authentication-providers/index.md
docs/directorymanager/11.0/directorymanager/authenticate/asidentityprovider/overview.md,docs/directorymanager/11.0/integrations/authentication-providers/identity-provider/index.md
docs/directorymanager/11.0/directorymanager/authenticate/asidentityprovider/metadata.md,docs/directorymanager/11.0/integrations/authentication-providers/identity-provider/metadata.md
docs/directorymanager/11.0/directorymanager/authenticate/asidentityprovider/register.md,docs/directorymanager/11.0/integrations/authentication-providers/identity-provider/register.md
docs/directorymanager/11.0/directorymanager/authenticate/asidentityprovider/signin.md,docs/directorymanager/11.0/integrations/authentication-providers/identity-provider/sign-in.md
docs/directorymanager/11.0/directorymanager/authenticate/asserviceprovider/overview.md,docs/directorymanager/11.0/integrations/authentication-providers/service-provider/index.md
docs/directorymanager/11.0/directorymanager/authenticate/asserviceprovider/adfs/overview.md,docs/directorymanager/11.0/integrations/authentication-providers/service-provider/adfs/index.md
docs/directorymanager/11.0/directorymanager/authenticate/asserviceprovider/adfs/configureadfsindirectorymanager.md,docs/directorymanager/11.0/integrations/authentication-providers/service-provider/adfs/configure-adfs-in-directory-manager.md
docs/directorymanager/11.0/directorymanager/authenticate/asserviceprovider/adfs/configurerelayingpartytrust.md,docs/directorymanager/11.0/integrations/authentication-providers/service-provider/adfs/configure-relaying-party-trust.md
docs/directorymanager/11.0/directorymanager/authenticate/asserviceprovider/adfs/generateurls.md,docs/directorymanager/11.0/integrations/authentication-providers/service-provider/adfs/generate-urls.md
docs/directorymanager/11.0/directorymanager/authenticate/asserviceprovider/adfs/signin.md,docs/directorymanager/11.0/integrations/authentication-providers/service-provider/adfs/sign-in.md
docs/directorymanager/11.0/directorymanager/authenticate/asserviceprovider/entrasso/overview.md,docs/directorymanager/11.0/integrations/authentication-providers/service-provider/entra-sso/index.md
docs/directorymanager/11.0/directorymanager/authenticate/asserviceprovider/entrasso/configureinentra.md,docs/directorymanager/11.0/integrations/authentication-providers/service-provider/entra-sso/configure-in-entra.md
docs/directorymanager/11.0/directorymanager/authenticate/asserviceprovider/entrasso/configureproviderindirectorymanager.md,docs/directorymanager/11.0/integrations/authentication-providers/service-provider/entra-sso/configure-provider-in-directory-manager.md
docs/directorymanager/11.0/directorymanager/authenticate/asserviceprovider/entrasso/generateurls.md,docs/directorymanager/11.0/integrations/authentication-providers/service-provider/entra-sso/generate-urls.md
docs/directorymanager/11.0/directorymanager/authenticate/asserviceprovider/entrasso/signin.md,docs/directorymanager/11.0/integrations/authentication-providers/service-provider/entra-sso/sign-in.md
docs/directorymanager/11.0/directorymanager/authenticate/asserviceprovider/okta/overview.md,docs/directorymanager/11.0/integrations/authentication-providers/service-provider/okta/index.md
docs/directorymanager/11.0/directorymanager/authenticate/asserviceprovider/okta/configureinokta.md,docs/directorymanager/11.0/integrations/authentication-providers/service-provider/okta/configure-in-okta.md
docs/directorymanager/11.0/directorymanager/authenticate/asserviceprovider/okta/configureoktaindirectorymanager.md,docs/directorymanager/11.0/integrations/authentication-providers/service-provider/okta/configure-okta-in-directory-manager.md
docs/directorymanager/11.0/directorymanager/authenticate/asserviceprovider/okta/generateurls.md,docs/directorymanager/11.0/integrations/authentication-providers/service-provider/okta/generate-urls.md
docs/directorymanager/11.0/directorymanager/authenticate/asserviceprovider/okta/signin.md,docs/directorymanager/11.0/integrations/authentication-providers/service-provider/okta/sign-in.md
docs/directorymanager/11.0/directorymanager/authenticate/asserviceprovider/onelogin/overview.md,docs/directorymanager/11.0/integrations/authentication-providers/service-provider/onelogin/index.md
docs/directorymanager/11.0/directorymanager/authenticate/asserviceprovider/onelogin/configureinonelogin.md,docs/directorymanager/11.0/integrations/authentication-providers/service-provider/onelogin/configure-in-onelogin.md
docs/directorymanager/11.0/directorymanager/authenticate/asserviceprovider/onelogin/configureoneloginindirectorymanager.md,docs/directorymanager/11.0/integrations/authentication-providers/service-provider/onelogin/configure-onelogin-in-directory-manager.md
docs/directorymanager/11.0/directorymanager/authenticate/asserviceprovider/onelogin/generateurls.md,docs/directorymanager/11.0/integrations/authentication-providers/service-provider/onelogin/generate-urls.md
docs/directorymanager/11.0/directorymanager/authenticate/asserviceprovider/onelogin/signin.md,docs/directorymanager/11.0/integrations/authentication-providers/service-provider/onelogin/sign-in.md
docs/directorymanager/11.0/directorymanager/authenticate/asserviceprovider/pingone/overview.md,docs/directorymanager/11.0/integrations/authentication-providers/service-provider/pingone/index.md
docs/directorymanager/11.0/directorymanager/authenticate/asserviceprovider/pingone/configureinpingone.md,docs/directorymanager/11.0/integrations/authentication-providers/service-provider/pingone/configure-in-pingone.md
docs/directorymanager/11.0/directorymanager/authenticate/asserviceprovider/pingone/configurepingoneindirectorymanager.md,docs/directorymanager/11.0/integrations/authentication-providers/service-provider/pingone/configure-pingone-in-directory-manager.md
docs/directorymanager/11.0/directorymanager/authenticate/asserviceprovider/pingone/generatemetadata.md,docs/directorymanager/11.0/integrations/authentication-providers/service-provider/pingone/generate-metadata.md
docs/directorymanager/11.0/directorymanager/authenticate/asserviceprovider/pingone/signin.md,docs/directorymanager/11.0/integrations/authentication-providers/service-provider/pingone/sign-in.md
docs/directorymanager/11.0/directorymanager/api/welcome.md,docs/directorymanager/11.0/api-reference/getting-started/welcome.md
docs/directorymanager/11.0/directorymanager/api/gettoken.md,docs/directorymanager/11.0/api-reference/getting-started/get-token.md
docs/directorymanager/11.0/directorymanager/api/commonerrors.md,docs/directorymanager/11.0/api-reference/getting-started/common-errors.md
docs/directorymanager/11.0/directorymanager/api/user/userapis.md,docs/directorymanager/11.0/api-reference/users/user-apis.md
docs/directorymanager/11.0/directorymanager/api/user/createuser.md,docs/directorymanager/11.0/api-reference/users/create-user.md
docs/directorymanager/11.0/directorymanager/api/user/getuser.md,docs/directorymanager/11.0/api-reference/users/get-user.md
docs/directorymanager/11.0/directorymanager/api/user/getusers.md,docs/directorymanager/11.0/api-reference/users/get-users.md
docs/directorymanager/11.0/directorymanager/api/user/updateuser.md,docs/directorymanager/11.0/api-reference/users/update-user.md
docs/directorymanager/11.0/directorymanager/api/user/deleteuser.md,docs/directorymanager/11.0/api-reference/users/delete-user.md
docs/directorymanager/11.0/directorymanager/api/user/deleteusers.md,docs/directorymanager/11.0/api-reference/users/delete-users.md
docs/directorymanager/11.0/directorymanager/api/user/getallgroups.md,docs/directorymanager/11.0/api-reference/users/get-all-groups.md
docs/directorymanager/11.0/directorymanager/api/user/getmydynasties.md,docs/directorymanager/11.0/api-reference/users/get-my-dynasties.md
docs/directorymanager/11.0/directorymanager/api/user/getmyexpiredgroups.md,docs/directorymanager/11.0/api-reference/users/get-my-expired-groups.md
docs/directorymanager/11.0/directorymanager/api/user/getmyexpiringgroups.md,docs/directorymanager/11.0/api-reference/users/get-my-expiring-groups.md
docs/directorymanager/11.0/directorymanager/api/user/getmyexpiringgroupscount.md,docs/directorymanager/11.0/api-reference/users/get-my-expiring-groups-count.md
docs/directorymanager/11.0/directorymanager/api/user/getmygroups.md,docs/directorymanager/11.0/api-reference/users/get-my-groups.md
docs/directorymanager/11.0/directorymanager/api/user/getmygroupscount.md,docs/directorymanager/11.0/api-reference/users/get-my-groups-count.md
docs/directorymanager/11.0/directorymanager/api/user/getmymemberships.md,docs/directorymanager/11.0/api-reference/users/get-my-memberships.md
docs/directorymanager/11.0/directorymanager/api/user/getmymemebershipcount.md,docs/directorymanager/11.0/api-reference/users/get-my-membership-count.md
docs/directorymanager/11.0/directorymanager/api/user/getmysmartgroups.md,docs/directorymanager/11.0/api-reference/users/get-my-smart-groups.md
docs/directorymanager/11.0/directorymanager/api/group/groupapis.md,docs/directorymanager/11.0/api-reference/groups/group-apis.md
docs/directorymanager/11.0/directorymanager/api/group/createsmartgroup.md,docs/directorymanager/11.0/api-reference/groups/create-smart-group.md
docs/directorymanager/11.0/directorymanager/api/group/createstaticgroup.md,docs/directorymanager/11.0/api-reference/groups/create-static-group.md
docs/directorymanager/11.0/directorymanager/api/group/getgroup.md,docs/directorymanager/11.0/api-reference/groups/get-group.md
docs/directorymanager/11.0/directorymanager/api/group/getgroups.md,docs/directorymanager/11.0/api-reference/groups/get-groups.md
docs/directorymanager/11.0/directorymanager/api/group/updategroup.md,docs/directorymanager/11.0/api-reference/groups/update-group.md
docs/directorymanager/11.0/directorymanager/api/group/updategroups.md,docs/directorymanager/11.0/api-reference/groups/update-groups.md
docs/directorymanager/11.0/directorymanager/api/group/updatesmartgroup.md,docs/directorymanager/11.0/api-reference/groups/update-smart-group.md
docs/directorymanager/11.0/directorymanager/api/group/updatesmartgroups.md,docs/directorymanager/11.0/api-reference/groups/update-smart-groups.md
docs/directorymanager/11.0/directorymanager/api/group/deletegroup.md,docs/directorymanager/11.0/api-reference/groups/delete-group.md
docs/directorymanager/11.0/directorymanager/api/group/deletegroups.md,docs/directorymanager/11.0/api-reference/groups/delete-groups.md
docs/directorymanager/11.0/directorymanager/api/group/expiregroup.md,docs/directorymanager/11.0/api-reference/groups/expire-group.md
docs/directorymanager/11.0/directorymanager/api/group/expiregroups.md,docs/directorymanager/11.0/api-reference/groups/expire-groups.md
docs/directorymanager/11.0/directorymanager/api/group/renewgroup.md,docs/directorymanager/11.0/api-reference/groups/renew-group.md
docs/directorymanager/11.0/directorymanager/api/group/renewgroups.md,docs/directorymanager/11.0/api-reference/groups/renew-groups.md
docs/directorymanager/11.0/directorymanager/api/group/joingroup.md,docs/directorymanager/11.0/api-reference/groups/join-group.md
docs/directorymanager/11.0/directorymanager/api/group/joingrouponbehalf.md,docs/directorymanager/11.0/api-reference/groups/join-group-on-behalf.md
docs/directorymanager/11.0/directorymanager/api/group/leavegroup.md,docs/directorymanager/11.0/api-reference/groups/leave-group.md
docs/directorymanager/11.0/directorymanager/api/group/leavegrouponbehalf.md,docs/directorymanager/11.0/api-reference/groups/leave-group-on-behalf.md
docs/directorymanager/11.0/directorymanager/api/group/previewmembership.md,docs/directorymanager/11.0/api-reference/groups/preview-membership.md
docs/directorymanager/11.0/directorymanager/api/contact/contactapis.md,docs/directorymanager/11.0/api-reference/contacts/contact-apis.md
docs/directorymanager/11.0/directorymanager/api/contact/createcontact.md,docs/directorymanager/11.0/api-reference/contacts/create-contact.md
docs/directorymanager/11.0/directorymanager/api/contact/getcontact.md,docs/directorymanager/11.0/api-reference/contacts/get-contact.md
docs/directorymanager/11.0/directorymanager/api/contact/getcontacts.md,docs/directorymanager/11.0/api-reference/contacts/get-contacts.md
docs/directorymanager/11.0/directorymanager/api/contact/updatecontact.md,docs/directorymanager/11.0/api-reference/contacts/update-contact.md
docs/directorymanager/11.0/directorymanager/api/contact/deletecontact.md,docs/directorymanager/11.0/api-reference/contacts/delete-contact.md
docs/directorymanager/11.0/directorymanager/api/contact/deletecontacts.md,docs/directorymanager/11.0/api-reference/contacts/delete-contacts.md
docs/directorymanager/11.0/directorymanager/api/datasource/datasourceapis.md,docs/directorymanager/11.0/api-reference/data-sources/data-source-apis.md
docs/directorymanager/11.0/directorymanager/api/datasource/createds.md,docs/directorymanager/11.0/api-reference/data-sources/create-data-source.md
docs/directorymanager/11.0/directorymanager/api/datasource/getds.md,docs/directorymanager/11.0/api-reference/data-sources/get-data-source.md
docs/directorymanager/11.0/directorymanager/api/datasource/getallds.md,docs/directorymanager/11.0/api-reference/data-sources/get-all-data-sources.md
docs/directorymanager/11.0/directorymanager/api/datasource/updateds.md,docs/directorymanager/11.0/api-reference/data-sources/update-data-source.md
docs/directorymanager/11.0/directorymanager/api/datasource/deleteds.md,docs/directorymanager/11.0/api-reference/data-sources/delete-data-source.md
docs/directorymanager/11.0/directorymanager/api/datasource/dsaccess.md,docs/directorymanager/11.0/api-reference/data-sources/data-source-types/access.md
docs/directorymanager/11.0/directorymanager/api/datasource/dsexcel.md,docs/directorymanager/11.0/api-reference/data-sources/data-source-types/excel.md
docs/directorymanager/11.0/directorymanager/api/datasource/dsodbc.md,docs/directorymanager/11.0/api-reference/data-sources/data-source-types/odbc.md
docs/directorymanager/11.0/directorymanager/api/datasource/dsoracle.md,docs/directorymanager/11.0/api-reference/data-sources/data-source-types/oracle.md
docs/directorymanager/11.0/directorymanager/api/datasource/dssql.md,docs/directorymanager/11.0/api-reference/data-sources/data-source-types/sql-server.md
docs/directorymanager/11.0/directorymanager/api/datasource/dstext.md,docs/directorymanager/11.0/api-reference/data-sources/data-source-types/text.md
docs/directorymanager/11.0/directorymanager/api/datasource/getfilterds.md,docs/directorymanager/11.0/api-reference/data-sources/advanced-operations/get-filter-data-source.md
docs/directorymanager/11.0/directorymanager/api/datasource/getdsparameter.md,docs/directorymanager/11.0/api-reference/data-sources/advanced-operations/get-data-source-parameter.md
docs/directorymanager/11.0/directorymanager/api/datasource/getdspo.md,docs/directorymanager/11.0/api-reference/data-sources/advanced-operations/get-data-source-po.md
docs/directorymanager/11.0/directorymanager/api/datasource/getalldstype.md,docs/directorymanager/11.0/api-reference/data-sources/advanced-operations/get-all-data-source-types.md
docs/directorymanager/11.0/directorymanager/api/datasource/getdstypeid.md,docs/directorymanager/11.0/api-reference/data-sources/advanced-operations/get-data-source-type-id.md
docs/directorymanager/11.0/directorymanager/api/datasource/getdstypename.md,docs/directorymanager/11.0/api-reference/data-sources/advanced-operations/get-data-source-type-name.md
docs/directorymanager/11.0/directorymanager/api/datasource/getfntype.md,docs/directorymanager/11.0/api-reference/data-sources/advanced-operations/get-function-type.md
docs/directorymanager/11.0/directorymanager/api/datasource/getmd.md,docs/directorymanager/11.0/api-reference/data-sources/advanced-operations/get-metadata.md
docs/directorymanager/11.0/directorymanager/api/datasource/getmdtypest.md,docs/directorymanager/11.0/api-reference/data-sources/advanced-operations/get-metadata-types.md
docs/directorymanager/11.0/directorymanager/api/datasource/gefsmdtype.md,docs/directorymanager/11.0/api-reference/data-sources/advanced-operations/get-expression-function-metadata-type.md
docs/directorymanager/11.0/directorymanager/api/datasource/parsecs.md,docs/directorymanager/11.0/api-reference/data-sources/advanced-operations/parse-connection-string.md
docs/directorymanager/11.0/directorymanager/api/datasource/validatedc.md,docs/directorymanager/11.0/api-reference/data-sources/advanced-operations/validate-data-connection.md
docs/directorymanager/11.0/directorymanager/api/syncjobs/jobsapis.md,docs/directorymanager/11.0/api-reference/sync-jobs/jobs-apis.md
docs/directorymanager/11.0/directorymanager/api/syncjobs/createjob.md,docs/directorymanager/11.0/api-reference/sync-jobs/create-job.md
docs/directorymanager/11.0/directorymanager/api/syncjobs/getjobs.md,docs/directorymanager/11.0/api-reference/sync-jobs/get-jobs.md
docs/directorymanager/11.0/directorymanager/api/syncjobs/getjobsdetails.md,docs/directorymanager/11.0/api-reference/sync-jobs/get-jobs-details.md
docs/directorymanager/11.0/directorymanager/api/syncjobs/getjobsname.md,docs/directorymanager/11.0/api-reference/sync-jobs/get-jobs-name.md
docs/directorymanager/11.0/directorymanager/api/syncjobs/deletejob.md,docs/directorymanager/11.0/api-reference/sync-jobs/delete-job.md
docs/directorymanager/11.0/directorymanager/api/syncjobs/createnewjobcollection.md,docs/directorymanager/11.0/api-reference/sync-jobs/job-collections/create-new-job-collection.md
docs/directorymanager/11.0/directorymanager/api/syncjobs/getjobcollections.md,docs/directorymanager/11.0/api-reference/sync-jobs/job-collections/get-job-collections.md
docs/directorymanager/11.0/directorymanager/api/syncjobs/getcollectionsdetails.md,docs/directorymanager/11.0/api-reference/sync-jobs/job-collections/get-collections-details.md
docs/directorymanager/11.0/directorymanager/api/syncjobs/getjcdetailsbyjcid.md,docs/directorymanager/11.0/api-reference/sync-jobs/job-collections/get-job-collection-details-by-id.md
docs/directorymanager/11.0/directorymanager/api/syncjobs/updatjobcollection.md,docs/directorymanager/11.0/api-reference/sync-jobs/job-collections/update-job-collection.md
docs/directorymanager/11.0/directorymanager/api/syncjobs/deletejobcollections.md,docs/directorymanager/11.0/api-reference/sync-jobs/job-collections/delete-job-collections.md
docs/directorymanager/11.0/directorymanager/api/workflow/workflowapis.md,docs/directorymanager/11.0/api-reference/workflows/workflow-apis.md
docs/directorymanager/11.0/directorymanager/api/workflow/allwfroutes.md,docs/directorymanager/11.0/api-reference/workflows/all-workflow-routes.md
docs/directorymanager/11.0/directorymanager/api/workflow/approvereq.md,docs/directorymanager/11.0/api-reference/workflows/approve-request.md
docs/directorymanager/11.0/directorymanager/api/workflow/denyreq.md,docs/directorymanager/11.0/api-reference/workflows/deny-request.md
docs/directorymanager/11.0/directorymanager/api/workflow/createroute.md,docs/directorymanager/11.0/api-reference/workflows/create-route.md
docs/directorymanager/11.0/directorymanager/api/workflow/updateroute.md,docs/directorymanager/11.0/api-reference/workflows/update-route.md
docs/directorymanager/11.0/directorymanager/api/workflow/deleteroute.md,docs/directorymanager/11.0/api-reference/workflows/delete-route.md
docs/directorymanager/11.0/directorymanager/api/workflow/getwfroute.md,docs/directorymanager/11.0/api-reference/workflows/get-workflow-route.md
docs/directorymanager/11.0/directorymanager/api/workflow/getdefroute.md,docs/directorymanager/11.0/api-reference/workflows/get-default-route.md
docs/directorymanager/11.0/directorymanager/api/workflow/getapprovers.md,docs/directorymanager/11.0/api-reference/workflows/get-approvers.md
docs/directorymanager/11.0/directorymanager/api/workflow/getmyreq.md,docs/directorymanager/11.0/api-reference/workflows/get-my-requests.md
docs/directorymanager/11.0/directorymanager/api/workflow/getpendingreq.md,docs/directorymanager/11.0/api-reference/workflows/get-pending-requests.md
docs/directorymanager/11.0/directorymanager/api/workflow/getwfreq.md,docs/directorymanager/11.0/api-reference/workflows/get-workflow-request.md
docs/directorymanager/11.0/directorymanager/api/workflow/deletewfreq.md,docs/directorymanager/11.0/api-reference/workflows/delete-workflow-request.md
docs/directorymanager/11.0/directorymanager/api/workflow/deletereqstatus.md,docs/directorymanager/11.0/api-reference/workflows/delete-request-status.md
docs/directorymanager/11.0/directorymanager/api/workflow/configurepowerautomate.md,docs/directorymanager/11.0/api-reference/workflows/power-automate/configure-power-automate.md
docs/directorymanager/11.0/directorymanager/api/workflow/getpowerautomatesettings.md,docs/directorymanager/11.0/api-reference/workflows/power-automate/get-power-automate-settings.md
docs/directorymanager/11.0/directorymanager/api/workflow/updatepowerautomatesettings.md,docs/directorymanager/11.0/api-reference/workflows/power-automate/update-power-automate-settings.md
docs/directorymanager/11.0/directorymanager/api/logs/logsapis.md,docs/directorymanager/11.0/api-reference/logs/logs-apis.md
docs/directorymanager/11.0/directorymanager/api/logs/admincenter.md,docs/directorymanager/11.0/api-reference/logs/admin-center.md
docs/directorymanager/11.0/directorymanager/api/logs/dataservice.md,docs/directorymanager/11.0/api-reference/logs/data-service.md
docs/directorymanager/11.0/directorymanager/api/logs/emailservice.md,docs/directorymanager/11.0/api-reference/logs/email-service.md
docs/directorymanager/11.0/directorymanager/api/logs/portal.md,docs/directorymanager/11.0/api-reference/logs/portal.md
docs/directorymanager/11.0/directorymanager/api/logs/replicationservice.md,docs/directorymanager/11.0/api-reference/logs/replication-service.md
docs/directorymanager/11.0/directorymanager/api/logs/schedulerservice.md,docs/directorymanager/11.0/api-reference/logs/scheduler-service.md
docs/directorymanager/11.0/directorymanager/api/logs/securityservice.md,docs/directorymanager/11.0/api-reference/logs/security-service.md
